[
  {
    "model": "auth.group",
    "pk": 1,
    "fields": {
      "name": "Administrators",
      "permissions": [
        1,
        2,
        3,
        4,
        45,
        46,
        47,
        48,
        25,
        26,
        27,
        28,
        41,
        42,
        43,
        44,
        29,
        30,
        31,
        32,
        33,
        34,
        35,
        36,
        37,
        38,
        39,
        40,
        9,
        10,
        11,
        12,
        5,
        6,
        7,
        8,
        13,
        14,
        15,
        16,
        17,
        18,
        19,
        20,
        21,
        22,
        23,
        24
      ]
    }
  },
  {
    "model": "auth.group",
    "pk": 2,
    "fields": {
      "name": "Lecturers",
      "permissions": [
        45,
        48,
        25,
        26,
        27,
        28,
        41,
        42,
        43,
        44,
        29,
        30,
        31,
        32,
        33,
        34,
        35,
        36,
        37,
        38,
        40,
        12,
        5,
        6,
        7,
        8,
        13,
        14,
        16,
        17,
        18,
        19,
        20,
        21,
        22,
        23,
        24
      ]
    }
  },
  {
    "model": "auth.group",
    "pk": 3,
    "fields": {
      "name": "Students",
      "permissions": [
        45,
        46,
        48,
        28,
        44,
        29,
        30,
        31,
        32,
        36,
        37,
        38,
        39,
        40,
        12,
        8,
        16,
        17,
        18,
        19,
        20,
        24
      ]
    }
  },
  {
    "model": "auth.user",
    "pk": 1,
    "fields": {
      "password": "pbkdf2_sha256$150000$ekoI8Gs7UGE7$RPK/gfQTMyTlntZ5KqQeDpsz1wW2Vyij0mXgjq+ZDaE=",
      "last_login": "2020-01-20T12:04:46.728Z",
      "is_superuser": true,
      "username": "admin",
      "first_name": "Admin",
      "last_name": "Istrator",
      "email": "colin.jochum@gmail.com",
      "is_staff": true,
      "is_active": true,
      "date_joined": "2020-01-16T11:13:40.921Z",
      "groups": [
        1
      ],
      "user_permissions": []
    }
  },
  {
    "model": "auth.user",
    "pk": 2,
    "fields": {
      "password": "pbkdf2_sha256$150000$urqc2F1ejK9X$pT8mUPHfLUggm1vnMdhe9DncAL1lrpNxLqzsxKMGwvA=",
      "last_login": null,
      "is_superuser": false,
      "username": "greta",
      "first_name": "Greta",
      "last_name": "Thunberg",
      "email": "greta.thunberg@greenweb.com",
      "is_staff": false,
      "is_active": true,
      "date_joined": "2020-01-16T11:14:17Z",
      "groups": [
        3
      ],
      "user_permissions": []
    }
  },
  {
    "model": "auth.user",
    "pk": 3,
    "fields": {
      "password": "pbkdf2_sha256$150000$YnlvRe5qa3rc$iQf/Ja3g/0A1y2aPbwLRPQYN9TO5eeBen7rrdJV9Zr4=",
      "last_login": null,
      "is_superuser": false,
      "username": "susi",
      "first_name": "Susi",
      "last_name": "Student",
      "email": "susi.student@edu.fh-joanneum.at",
      "is_staff": false,
      "is_active": true,
      "date_joined": "2020-01-20T12:22:22.226Z",
      "groups": [
        3
      ],
      "user_permissions": []
    }
  },
  {
    "model": "auth.user",
    "pk": 4,
    "fields": {
      "password": "pbkdf2_sha256$150000$hkyXuF3p15op$/1/qGiuq4L/S3BHHZnCyojgtHG8g119CkUTCHPwWzzc=",
      "last_login": null,
      "is_superuser": false,
      "username": "liam",
      "first_name": "Liam",
      "last_name": "Lecturer",
      "email": "liam.lecturer@edu.fh-joanneum.at",
      "is_staff": false,
      "is_active": true,
      "date_joined": "2020-01-22T10:39:24.453Z",
      "groups": [
        2
      ],
      "user_permissions": []
    }
  },
  {
    "model": "auth.user",
    "pk": 5,
    "fields": {
      "password": "pbkdf2_sha256$150000$WV1MfTY8vneE$IRscoEbWiXPHunF/31GoTZIuSpojx8EVDsCA895aqgM=",
      "last_login": null,
      "is_superuser": false,
      "username": "sam",
      "first_name": "Sam",
      "last_name": "Student",
      "email": "sam.student@edu.fh-joanneum.at",
      "is_staff": false,
      "is_active": true,
      "date_joined": "2020-01-22T10:41:51.379Z",
      "groups": [
        3
      ],
      "user_permissions": []
    }
  },
  {
    "model": "auth.user",
    "pk": 6,
    "fields": {
      "password": "pbkdf2_sha256$150000$XH8AIxJWUbqr$OXEH9/o09zHfmzX5XNvpdsMxGoE2YrJAj90DhY2gPfY=",
      "last_login": null,
      "is_superuser": false,
      "username": "tom",
      "first_name": "Tom",
      "last_name": "Student",
      "email": "tom.student@edu.fh-joanneum.at",
      "is_staff": false,
      "is_active": true,
      "date_joined": "2020-01-23T18:28:09.344698Z",
      "groups": [
        3
      ],
      "user_permissions": []
    }
  },
  {
    "model": "auth.user",
    "pk": 7,
    "fields": {
      "password": "pbkdf2_sha256$150000$1NOEKuGPCJW5$OtGVxvepWRokEJI6JTRoki91TLwyxEgO/W8uKYvp7BM=",
      "last_login": null,
      "is_superuser": false,
      "username": "marcel",
      "first_name": "Marcel",
      "last_name": "Student",
      "email": "marcel.student@edu.fh-joanneum.at",
      "is_staff": false,
      "is_active": true,
      "date_joined": "2020-01-23T18:29:57.212350Z",
      "groups": [
        3
      ],
      "user_permissions": []
    }
  },
  {
    "model": "auth.user",
    "pk": 8,
    "fields": {
      "password": "pbkdf2_sha256$150000$gyDSGUziQbMT$y3mCsWjfSTfriEGwAkngDfaIwOkQgE3VzWXIGGvbfG8=",
      "last_login": null,
      "is_superuser": false,
      "username": "colin",
      "first_name": "Colin",
      "last_name": "Student",
      "email": "colin.student@edu.fh-joanneum.at",
      "is_staff": false,
      "is_active": true,
      "date_joined": "2020-01-23T18:31:14.998494Z",
      "groups": [
        3
      ],
      "user_permissions": []
    }
  },
  {
    "model": "auth.user",
    "pk": 9,
    "fields": {
      "password": "pbkdf2_sha256$150000$dhYNzVAP7cNo$zwTK870UTWKjc6slV0dQrdJJGqImsNQKO59FzgRvEFw=",
      "last_login": null,
      "is_superuser": false,
      "username": "karl",
      "first_name": "Karl",
      "last_name": "Lecturer",
      "email": "karl.lecturer@edu.fh-joanneum.at",
      "is_staff": false,
      "is_active": true,
      "date_joined": "2020-01-23T18:32:39.509689Z",
      "groups": [
        2
      ],
      "user_permissions": []
    }
  },
  {
    "model": "auth.user",
    "pk": 10,
    "fields": {
      "password": "pbkdf2_sha256$150000$zGK2MCMLEKff$52zpUlRpkpUZvpOcK+ihdN9Xkz5tOCrkKMFsYqSJKUE=",
      "last_login": null,
      "is_superuser": false,
      "username": "stefan",
      "first_name": "Stefan",
      "last_name": "Lecturer",
      "email": "stefan.lecturer@edu.fh-joanneum.at",
      "is_staff": false,
      "is_active": true,
      "date_joined": "2020-01-23T18:33:46.149816Z",
      "groups": [
        2
      ],
      "user_permissions": []
    }
  },
  {
    "model": "auth.user",
    "pk": 11,
    "fields": {
      "password": "pbkdf2_sha256$150000$lvqLFYn2j7Rv$coqDey5kqLNu4ZCL2A5TlU6HGOa6sTcwmRFWblO3beA=",
      "last_login": null,
      "is_superuser": false,
      "username": "werner",
      "first_name": "Werner",
      "last_name": "Lecturer",
      "email": "werner.lecturer@edu.fh-joanneum.at",
      "is_staff": false,
      "is_active": true,
      "date_joined": "2020-01-23T18:34:58.107928Z",
      "groups": [
        2
      ],
      "user_permissions": []
    }
  },
  {
    "model": "auth.user",
    "pk": 12,
    "fields": {
      "password": "pbkdf2_sha256$150000$9iN6iFwEXYXM$vBx00NXeXR6XMFt7usdPUeza5gUfc17PYyMhUnqMpXA=",
      "last_login": null,
      "is_superuser": false,
      "username": "robert",
      "first_name": "Robert",
      "last_name": "Lecturer",
      "email": "robert.lecturer@edu.fh-joanneum.at",
      "is_staff": false,
      "is_active": true,
      "date_joined": "2020-01-23T18:36:16.061632Z",
      "groups": [
        2
      ],
      "user_permissions": []
    }
  },
  {
    "model": "auth.user",
    "pk": 13,
    "fields": {
      "password": "pbkdf2_sha256$150000$mSERUsv4ncN4$CKWlLeg4kBsK2zkO9QXvXnQ5lYvcXgS1sNkzl2U3PI4=",
      "last_login": null,
      "is_superuser": false,
      "username": "kevin",
      "first_name": "Kevin",
      "last_name": "Student",
      "email": "kevin.student@edu.fh-joanneum.at",
      "is_staff": false,
      "is_active": true,
      "date_joined": "2020-01-23T18:37:21.466712Z",
      "groups": [
        3
      ],
      "user_permissions": []
    }
  },
  {
    "model": "auth.user",
    "pk": 14,
    "fields": {
      "password": "pbkdf2_sha256$150000$Gv32ivBr9myi$okIc6jyxEaCgyZ/fyfn3TQuCdiWm5OXvc55wMBVjInk=",
      "last_login": null,
      "is_superuser": false,
      "username": "julia",
      "first_name": "Julia",
      "last_name": "Student",
      "email": "julia.student@edu.fh-joanneum.at",
      "is_staff": false,
      "is_active": true,
      "date_joined": "2020-01-23T18:38:29.522452Z",
      "groups": [
        3
      ],
      "user_permissions": []
    }
  },
  {
    "model": "auth.user",
    "pk": 15,
    "fields": {
      "password": "pbkdf2_sha256$150000$OHjuvxXy29sH$n7kJVhizuhl0mHGDZ827k+vBxpUe7AiXybp+6QfHHWM=",
      "last_login": null,
      "is_superuser": false,
      "username": "martina",
      "first_name": "Martina",
      "last_name": "Student",
      "email": "martina.student@edu.fh-joanneum.at",
      "is_staff": false,
      "is_active": true,
      "date_joined": "2020-01-23T18:39:33.634903Z",
      "groups": [
        3
      ],
      "user_permissions": []
    }
  },
  {
    "model": "attendiApp.media",
    "pk": 1,
    "fields": {
      "file_name": "Student Image",
      "content_type": "png"
    }
  },
  {
    "model": "attendiApp.profile",
    "pk": 1,
    "fields": {
      "user": 1,
      "date_of_birth": "1990-01-10",
      "student_group": "L",
      "image": 1
    }
  },
  {
    "model": "attendiApp.profile",
    "pk": 2,
    "fields": {
      "user": 2,
      "date_of_birth": "1990-01-30",
      "student_group": "G1",
      "image": 1
    }
  },
  {
    "model": "attendiApp.profile",
    "pk": 3,
    "fields": {
      "user": 3,
      "date_of_birth": "1990-01-02",
      "student_group": "G1",
      "image": 1
    }
  },
  {
    "model": "attendiApp.profile",
    "pk": 4,
    "fields": {
      "user": 4,
      "date_of_birth": "1990-01-01",
      "student_group": "L",
      "image": 1
    }
  },
  {
    "model": "attendiApp.profile",
    "pk": 5,
    "fields": {
      "user": 5,
      "date_of_birth": "1990-01-24",
      "student_group": "G2",
      "image": 1
    }
  },
  {
    "model": "attendiApp.profile",
    "pk": 6,
    "fields": {
      "user": 6,
      "date_of_birth": "1997-02-11",
      "student_group": "G2",
      "image": 1
    }
  },
  {
    "model": "attendiApp.profile",
    "pk": 7,
    "fields": {
      "user": 7,
      "date_of_birth": "1996-01-17",
      "student_group": "G3",
      "image": 1
    }
  },
  {
    "model": "attendiApp.profile",
    "pk": 8,
    "fields": {
      "user": 8,
      "date_of_birth": "1995-05-17",
      "student_group": "G3",
      "image": 1
    }
  },
  {
    "model": "attendiApp.profile",
    "pk": 9,
    "fields": {
      "user": 9,
      "date_of_birth": "1989-05-19",
      "student_group": "L",
      "image": 1
    }
  },
  {
    "model": "attendiApp.profile",
    "pk": 10,
    "fields": {
      "user": 10,
      "date_of_birth": "1994-10-26",
      "student_group": "L",
      "image": 1
    }
  },
  {
    "model": "attendiApp.profile",
    "pk": 11,
    "fields": {
      "user": 11,
      "date_of_birth": "1987-11-10",
      "student_group": "L",
      "image": 1
    }
  },
  {
    "model": "attendiApp.profile",
    "pk": 12,
    "fields": {
      "user": 12,
      "date_of_birth": "1986-05-23",
      "student_group": "L",
      "image": 1
    }
  },
  {
    "model": "attendiApp.profile",
    "pk": 13,
    "fields": {
      "user": 13,
      "date_of_birth": "1997-07-21",
      "student_group": "G2",
      "image": 1
    }
  },
  {
    "model": "attendiApp.profile",
    "pk": 14,
    "fields": {
      "user": 14,
      "date_of_birth": "1998-09-21",
      "student_group": "G3",
      "image": 1
    }
  },
  {
    "model": "attendiApp.profile",
    "pk": 15,
    "fields": {
      "user": 15,
      "date_of_birth": "1997-12-15",
      "student_group": "G1",
      "image": 1
    }
  },
  {
    "model": "attendiApp.course",
    "pk": 1,
    "fields": {
      "name": "SWENGS",
      "description": "Software Engineering Selective",
      "students": [
        5,
        6,
        7,
        13,
        14,
        15
      ],
      "lecturer": [
        9,
        10
      ]
    }
  },
  {
    "model": "attendiApp.course",
    "pk": 2,
    "fields": {
      "name": "OPMGT",
      "description": "Operations Management",
      "students": [
        2,
        3,
        6,
        7,
        8
      ],
      "lecturer": [
        12
      ]
    }
  },
  {
    "model": "attendiApp.course",
    "pk": 3,
    "fields": {
      "name": "PMFST",
      "description": "Projektmanagement Fallstudie",
      "students": [
        2,
        3,
        5,
        6,
        7,
        8,
        13,
        14,
        15
      ],
      "lecturer": [
        11
      ]
    }
  },
  {
    "model": "attendiApp.coursesession",
    "pk": 1,
    "fields": {
      "location": "S1",
      "mandatory": true,
      "date": "2020-01-26",
      "start_time": "08:00:00",
      "end_time": "08:45:00",
      "student_group": "G1",
      "password": "group1",
      "course": 3
    }
  },
  {
    "model": "attendiApp.coursesession",
    "pk": 2,
    "fields": {
      "location": "L3",
      "mandatory": false,
      "date": "2020-01-26",
      "start_time": "09:00:00",
      "end_time": "11:30:00",
      "student_group": "G1",
      "password": "group1",
      "course": 2
    }
  },
  {
    "model": "attendiApp.coursesession",
    "pk": 3,
    "fields": {
      "location": "S1",
      "mandatory": true,
      "date": "2020-01-26",
      "start_time": "09:00:00",
      "end_time": "09:45:00",
      "student_group": "G2",
      "password": "group2",
      "course": 3
    }
  },
  {
    "model": "attendiApp.coursesession",
    "pk": 4,
    "fields": {
      "location": "L1",
      "mandatory": true,
      "date": "2020-01-26",
      "start_time": "11:45:00",
      "end_time": "14:15:00",
      "student_group": "G1",
      "password": "group1",
      "course": 1
    }
  },
  {
    "model": "attendiApp.coursesession",
    "pk": 5,
    "fields": {
      "location": "S2",
      "mandatory": true,
      "date": "2020-01-26",
      "start_time": "10:45:00",
      "end_time": "11:30:00",
      "student_group": "G3",
      "password": "group3",
      "course": 3
    }
  },
  {
    "model": "attendiApp.coursesession",
    "pk": 6,
    "fields": {
      "location": "L4",
      "mandatory": false,
      "date": "2020-01-26",
      "start_time": "11:45:00",
      "end_time": "14:15:00",
      "student_group": "G2",
      "password": "group2",
      "course": 2
    }
  },
  {
    "model": "attendiApp.coursesession",
    "pk": 7,
    "fields": {
      "location": "L1",
      "mandatory": true,
      "date": "2020-01-26",
      "start_time": "14:30:00",
      "end_time": "17:00:00",
      "student_group": "G2",
      "password": "group2",
      "course": 1
    }
  },
  {
    "model": "attendiApp.coursesession",
    "pk": 8,
    "fields": {
      "location": "L2",
      "mandatory": true,
      "date": "2020-01-26",
      "start_time": "14:30:00",
      "end_time": "17:00:00",
      "student_group": "G3",
      "password": "group3",
      "course": 1
    }
  },
  {
    "model": "attendiApp.coursesession",
    "pk": 9,
    "fields": {
      "location": "L2",
      "mandatory": true,
      "date": "2020-01-27",
      "start_time": "14:30:00",
      "end_time": "17:00:00",
      "student_group": "G3",
      "password": "group3",
      "course": 2
    }
  },
  {
    "model": "attendiApp.attendanceitem",
    "pk": 1,
    "fields": {
      "student": 2,
      "present": false,
      "course_session": 1,
      "absence_note": null
    }
  },
  {
    "model": "attendiApp.attendanceitem",
    "pk": 2,
    "fields": {
      "student": 3,
      "present": false,
      "course_session": 1,
      "absence_note": null
    }
  },
  {
    "model": "attendiApp.attendanceitem",
    "pk": 3,
    "fields": {
      "student": 15,
      "present": false,
      "course_session": 1,
      "absence_note": null
    }
  },
  {
    "model": "attendiApp.attendanceitem",
    "pk": 4,
    "fields": {
      "student": 3,
      "present": false,
      "course_session": 2,
      "absence_note": null
    }
  },
  {
    "model": "attendiApp.attendanceitem",
    "pk": 5,
    "fields": {
      "student": 2,
      "present": false,
      "course_session": 2,
      "absence_note": null
    }
  },
  {
    "model": "attendiApp.attendanceitem",
    "pk": 6,
    "fields": {
      "student": 15,
      "present": false,
      "course_session": 4,
      "absence_note": null
    }
  },
  {
    "model": "attendiApp.attendanceitem",
    "pk": 7,
    "fields": {
      "student": 5,
      "present": false,
      "course_session": 3,
      "absence_note": null
    }
  },
  {
    "model": "attendiApp.attendanceitem",
    "pk": 8,
    "fields": {
      "student": 6,
      "present": false,
      "course_session": 3,
      "absence_note": null
    }
  },
  {
    "model": "attendiApp.attendanceitem",
    "pk": 9,
    "fields": {
      "student": 13,
      "present": false,
      "course_session": 3,
      "absence_note": null
    }
  },
  {
    "model": "attendiApp.attendanceitem",
    "pk": 10,
    "fields": {
      "student": 6,
      "present": false,
      "course_session": 6,
      "absence_note": null
    }
  },
  {
    "model": "attendiApp.attendanceitem",
    "pk": 11,
    "fields": {
      "student": 13,
      "present": false,
      "course_session": 7,
      "absence_note": null
    }
  },
  {
    "model": "attendiApp.attendanceitem",
    "pk": 12,
    "fields": {
      "student": 5,
      "present": false,
      "course_session": 7,
      "absence_note": null
    }
  },
  {
    "model": "attendiApp.attendanceitem",
    "pk": 13,
    "fields": {
      "student": 6,
      "present": false,
      "course_session": 7,
      "absence_note": null
    }
  },
  {
    "model": "attendiApp.attendanceitem",
    "pk": 14,
    "fields": {
      "student": 14,
      "present": false,
      "course_session": 5,
      "absence_note": null
    }
  },
  {
    "model": "attendiApp.attendanceitem",
    "pk": 15,
    "fields": {
      "student": 7,
      "present": false,
      "course_session": 5,
      "absence_note": null
    }
  },
  {
    "model": "attendiApp.attendanceitem",
    "pk": 16,
    "fields": {
      "student": 8,
      "present": false,
      "course_session": 5,
      "absence_note": null
    }
  },
  {
    "model": "attendiApp.attendanceitem",
    "pk": 17,
    "fields": {
      "student": 14,
      "present": false,
      "course_session": 8,
      "absence_note": null
    }
  },
  {
    "model": "attendiApp.attendanceitem",
    "pk": 18,
    "fields": {
      "student": 7,
      "present": false,
      "course_session": 8,
      "absence_note": null
    }
  },
  {
    "model": "attendiApp.attendanceitem",
    "pk": 19,
    "fields": {
      "student": 8,
      "present": false,
      "course_session": 9,
      "absence_note": null
    }
  },
  {
    "model": "attendiApp.attendanceitem",
    "pk": 20,
    "fields": {
      "student": 7,
      "present": false,
      "course_session": 9,
      "absence_note": null
    }
  },
  {
    "model": "attendiApp.statistic",
    "pk": 1,
    "fields": {
      "course": 3,
      "total_course_sessions": null,
      "total_mandatory_course_sessions": null,
      "visited_course_sessions": null,
      "attendance_percentage": null,
      "course_sessions_missed": null,
      "time_in_courses": null,
      "profile": 2
    }
  },
  {
    "model": "attendiApp.statistic",
    "pk": 2,
    "fields": {
      "course": 3,
      "total_course_sessions": null,
      "total_mandatory_course_sessions": null,
      "visited_course_sessions": null,
      "attendance_percentage": null,
      "course_sessions_missed": null,
      "time_in_courses": null,
      "profile": 3
    }
  },
  {
    "model": "attendiApp.statistic",
    "pk": 3,
    "fields": {
      "course": 3,
      "total_course_sessions": null,
      "total_mandatory_course_sessions": null,
      "visited_course_sessions": null,
      "attendance_percentage": null,
      "course_sessions_missed": null,
      "time_in_courses": null,
      "profile": 15
    }
  },
  {
    "model": "attendiApp.statistic",
    "pk": 4,
    "fields": {
      "course": 2,
      "total_course_sessions": null,
      "total_mandatory_course_sessions": null,
      "visited_course_sessions": null,
      "attendance_percentage": null,
      "course_sessions_missed": null,
      "time_in_courses": null,
      "profile": 3
    }
  },
  {
    "model": "attendiApp.statistic",
    "pk": 5,
    "fields": {
      "course": 2,
      "total_course_sessions": null,
      "total_mandatory_course_sessions": null,
      "visited_course_sessions": null,
      "attendance_percentage": null,
      "course_sessions_missed": null,
      "time_in_courses": null,
      "profile": 2
    }
  },
  {
    "model": "attendiApp.statistic",
    "pk": 6,
    "fields": {
      "course": 1,
      "total_course_sessions": null,
      "total_mandatory_course_sessions": null,
      "visited_course_sessions": null,
      "attendance_percentage": null,
      "course_sessions_missed": null,
      "time_in_courses": null,
      "profile": 15
    }
  },
  {
    "model": "attendiApp.statistic",
    "pk": 7,
    "fields": {
      "course": 3,
      "total_course_sessions": null,
      "total_mandatory_course_sessions": null,
      "visited_course_sessions": null,
      "attendance_percentage": null,
      "course_sessions_missed": null,
      "time_in_courses": null,
      "profile": 5
    }
  },
  {
    "model": "attendiApp.statistic",
    "pk": 8,
    "fields": {
      "course": 3,
      "total_course_sessions": null,
      "total_mandatory_course_sessions": null,
      "visited_course_sessions": null,
      "attendance_percentage": null,
      "course_sessions_missed": null,
      "time_in_courses": null,
      "profile": 6
    }
  },
  {
    "model": "attendiApp.statistic",
    "pk": 9,
    "fields": {
      "course": 3,
      "total_course_sessions": null,
      "total_mandatory_course_sessions": null,
      "visited_course_sessions": null,
      "attendance_percentage": null,
      "course_sessions_missed": null,
      "time_in_courses": null,
      "profile": 13
    }
  },
  {
    "model": "attendiApp.statistic",
    "pk": 10,
    "fields": {
      "course": 3,
      "total_course_sessions": null,
      "total_mandatory_course_sessions": null,
      "visited_course_sessions": null,
      "attendance_percentage": null,
      "course_sessions_missed": null,
      "time_in_courses": null,
      "profile": 14
    }
  },
  {
    "model": "attendiApp.statistic",
    "pk": 11,
    "fields": {
      "course": 3,
      "total_course_sessions": null,
      "total_mandatory_course_sessions": null,
      "visited_course_sessions": null,
      "attendance_percentage": null,
      "course_sessions_missed": null,
      "time_in_courses": null,
      "profile": 7
    }
  },
  {
    "model": "attendiApp.statistic",
    "pk": 12,
    "fields": {
      "course": 3,
      "total_course_sessions": null,
      "total_mandatory_course_sessions": null,
      "visited_course_sessions": null,
      "attendance_percentage": null,
      "course_sessions_missed": null,
      "time_in_courses": null,
      "profile": 8
    }
  },
  {
    "model": "attendiApp.statistic",
    "pk": 13,
    "fields": {
      "course": 2,
      "total_course_sessions": null,
      "total_mandatory_course_sessions": null,
      "visited_course_sessions": null,
      "attendance_percentage": null,
      "course_sessions_missed": null,
      "time_in_courses": null,
      "profile": 6
    }
  },
  {
    "model": "attendiApp.statistic",
    "pk": 14,
    "fields": {
      "course": 1,
      "total_course_sessions": null,
      "total_mandatory_course_sessions": null,
      "visited_course_sessions": null,
      "attendance_percentage": null,
      "course_sessions_missed": null,
      "time_in_courses": null,
      "profile": 13
    }
  },
  {
    "model": "attendiApp.statistic",
    "pk": 15,
    "fields": {
      "course": 1,
      "total_course_sessions": null,
      "total_mandatory_course_sessions": null,
      "visited_course_sessions": null,
      "attendance_percentage": null,
      "course_sessions_missed": null,
      "time_in_courses": null,
      "profile": 5
    }
  },
  {
    "model": "attendiApp.statistic",
    "pk": 16,
    "fields": {
      "course": 1,
      "total_course_sessions": null,
      "total_mandatory_course_sessions": null,
      "visited_course_sessions": null,
      "attendance_percentage": null,
      "course_sessions_missed": null,
      "time_in_courses": null,
      "profile": 6
    }
  },
  {
    "model": "attendiApp.statistic",
    "pk": 17,
    "fields": {
      "course": 1,
      "total_course_sessions": null,
      "total_mandatory_course_sessions": null,
      "visited_course_sessions": null,
      "attendance_percentage": null,
      "course_sessions_missed": null,
      "time_in_courses": null,
      "profile": 14
    }
  },
  {
    "model": "attendiApp.statistic",
    "pk": 18,
    "fields": {
      "course": 1,
      "total_course_sessions": null,
      "total_mandatory_course_sessions": null,
      "visited_course_sessions": null,
      "attendance_percentage": null,
      "course_sessions_missed": null,
      "time_in_courses": null,
      "profile": 7
    }
  },
  {
    "model": "attendiApp.statistic",
    "pk": 19,
    "fields": {
      "course": 2,
      "total_course_sessions": null,
      "total_mandatory_course_sessions": null,
      "visited_course_sessions": null,
      "attendance_percentage": null,
      "course_sessions_missed": null,
      "time_in_courses": null,
      "profile": 8
    }
  },
  {
    "model": "attendiApp.statistic",
    "pk": 20,
    "fields": {
      "course": 2,
      "total_course_sessions": null,
      "total_mandatory_course_sessions": null,
      "visited_course_sessions": null,
      "attendance_percentage": null,
      "course_sessions_missed": null,
      "time_in_courses": null,
      "profile": 7
    }
  }
]
